step,reference_psia,frequency_hz,internal_temperature_c,instrument_psia,corrected_psia,reported_residual_psi
1,14.570,32844.70,23.2,15.100,14.495,-0.075
2,2001.599,33649.30,23.4,2002.132,2001.511,-0.088
3,3988.842,34432.60,23.4,3989.529,3988.891,0.049
4,5976.133,35195.80,23.4,5976.657,5976.002,-0.131
5,7963.387,35940.30,23.3,7963.766,7963.095,-0.292
6,9951.069,36667.50,23.5,9951.510,9950.823,-0.246
7,7963.435,35940.50,23.5,7964.307,7963.636,0.201
8,5976.138,35196.00,23.5,5977.189,5976.534,0.396
9,3988.823,34432.70,23.5,3989.797,3989.159,0.336
10,2001.670,33649.40,23.6,2002.407,2001.786,0.116
11,14.573,32844.60,23.6,14.912,14.307,-0.266
