id,date,offset_x,offset_y,alt,flag,dataset_id,activelayer_id,site_id
396351,1996-08-18,0.0,1000.0,36.0,,14,2,2
396352,1996-08-18,100.0,1000.0,31.0,,14,2,2
396353,1996-08-18,200.0,1000.0,54.0,,14,2,2
396354,1996-08-18,300.0,1000.0,40.5,,14,2,2
396355,1996-08-18,400.0,1000.0,31.0,,14,2,2
396356,1996-08-18,500.0,1000.0,34.0,,14,2,2
396357,1996-08-18,600.0,1000.0,31.5,,14,2,2
396358,1996-08-18,700.0,1000.0,30.0,,14,2,2
396359,1996-08-18,800.0,1000.0,26.0,,14,2,2
396360,1996-08-18,900.0,1000.0,31.0,,14,2,2
396361,1996-08-18,1000.0,1000.0,31.0,,14,2,2
396362,1996-08-18,0.0,900.0,32.5,,14,2,2
396363,1996-08-18,100.0,900.0,35.5,,14,2,2
396364,1996-08-18,200.0,900.0,46.0,,14,2,2
396365,1996-08-18,300.0,900.0,28.0,,14,2,2
396366,1996-08-18,400.0,900.0,35.0,,14,2,2
396367,1996-08-18,500.0,900.0,28.0,,14,2,2
396368,1996-08-18,600.0,900.0,25.0,,14,2,2
396369,1996-08-18,700.0,900.0,27.5,,14,2,2
396370,1996-08-18,800.0,900.0,30.0,,14,2,2
396371,1996-08-18,900.0,900.0,32.5,,14,2,2
396372,1996-08-18,1000.0,900.0,29.0,,14,2,2
396373,1996-08-18,0.0,800.0,36.0,,14,2,2
396374,1996-08-18,100.0,800.0,38.0,,14,2,2
396375,1996-08-18,200.0,800.0,30.5,,14,2,2
396376,1996-08-18,300.0,800.0,64.5,,14,2,2
396377,1996-08-18,400.0,800.0,44.5,,14,2,2
396378,1996-08-18,500.0,800.0,34.0,,14,2,2
396379,1996-08-18,600.0,800.0,27.0,,14,2,2
396380,1996-08-18,700.0,800.0,30.0,,14,2,2
396381,1996-08-18,800.0,800.0,34.0,,14,2,2
396382,1996-08-18,900.0,800.0,32.0,,14,2,2
396383,1996-08-18,1000.0,800.0,33.5,,14,2,2
396384,1996-08-18,0.0,700.0,35.5,,14,2,2
396385,1996-08-18,100.0,700.0,36.5,,14,2,2
396386,1996-08-18,200.0,700.0,44.5,,14,2,2
396387,1996-08-18,300.0,700.0,66.0,,14,2,2
396388,1996-08-18,400.0,700.0,32.5,,14,2,2
396389,1996-08-18,500.0,700.0,28.5,,14,2,2
396390,1996-08-18,600.0,700.0,28.5,,14,2,2
396391,1996-08-18,700.0,700.0,29.0,,14,2,2
396392,1996-08-18,800.0,700.0,29.5,,14,2,2
396393,1996-08-18,900.0,700.0,30.0,,14,2,2
396394,1996-08-18,1000.0,700.0,24.5,,14,2,2
396395,1996-08-18,0.0,600.0,41.5,,14,2,2
396396,1996-08-18,100.0,600.0,31.5,,14,2,2
396397,1996-08-18,200.0,600.0,43.0,,14,2,2
396398,1996-08-18,300.0,600.0,55.5,,14,2,2
396399,1996-08-18,400.0,600.0,36.0,,14,2,2
396400,1996-08-18,500.0,600.0,47.5,,14,2,2
396401,1996-08-18,600.0,600.0,33.0,,14,2,2
396402,1996-08-18,700.0,600.0,32.5,,14,2,2
396403,1996-08-18,800.0,600.0,32.0,,14,2,2
396404,1996-08-18,900.0,600.0,34.5,,14,2,2
396405,1996-08-18,1000.0,600.0,33.0,,14,2,2
396406,1996-08-18,0.0,500.0,23.5,,14,2,2
396407,1996-08-18,100.0,500.0,41.5,,14,2,2
396408,1996-08-18,200.0,500.0,43.5,,14,2,2
396409,1996-08-18,300.0,500.0,36.0,,14,2,2
396410,1996-08-18,400.0,500.0,37.5,,14,2,2
396411,1996-08-18,500.0,500.0,31.5,,14,2,2
396412,1996-08-18,600.0,500.0,32.5,,14,2,2
396413,1996-08-18,700.0,500.0,37.0,,14,2,2
396414,1996-08-18,800.0,500.0,40.0,,14,2,2
396415,1996-08-18,900.0,500.0,42.5,,14,2,2
396416,1996-08-18,1000.0,500.0,35.5,,14,2,2
396417,1996-08-18,0.0,400.0,19.0,,14,2,2
396418,1996-08-18,100.0,400.0,49.0,,14,2,2
396419,1996-08-18,200.0,400.0,44.5,,14,2,2
396420,1996-08-18,300.0,400.0,30.5,,14,2,2
396421,1996-08-18,400.0,400.0,55.5,,14,2,2
396422,1996-08-18,500.0,400.0,35.0,,14,2,2
396423,1996-08-18,600.0,400.0,39.0,,14,2,2
396424,1996-08-18,700.0,400.0,32.5,,14,2,2
396425,1996-08-18,800.0,400.0,31.5,,14,2,2
396426,1996-08-18,900.0,400.0,30.0,,14,2,2
396427,1996-08-18,1000.0,400.0,36.0,,14,2,2
396428,1996-08-18,0.0,300.0,24.0,,14,2,2
396429,1996-08-18,100.0,300.0,34.0,,14,2,2
396430,1996-08-18,200.0,300.0,40.5,,14,2,2
396431,1996-08-18,300.0,300.0,32.0,,14,2,2
396432,1996-08-18,400.0,300.0,65.0,,14,2,2
396433,1996-08-18,500.0,300.0,33.0,,14,2,2
396434,1996-08-18,600.0,300.0,40.0,,14,2,2
396435,1996-08-18,700.0,300.0,32.5,,14,2,2
396436,1996-08-18,800.0,300.0,33.0,,14,2,2
396437,1996-08-18,900.0,300.0,32.0,,14,2,2
396438,1996-08-18,1000.0,300.0,29.0,,14,2,2
396439,1996-08-18,0.0,200.0,35.5,,14,2,2
396440,1996-08-18,100.0,200.0,35.5,,14,2,2
396441,1996-08-18,200.0,200.0,39.0,,14,2,2
396442,1996-08-18,300.0,200.0,35.0,,14,2,2
396443,1996-08-18,400.0,200.0,68.0,,14,2,2
396444,1996-08-18,500.0,200.0,29.5,,14,2,2
396445,1996-08-18,600.0,200.0,39.0,,14,2,2
396446,1996-08-18,700.0,200.0,37.5,,14,2,2
396447,1996-08-18,800.0,200.0,27.5,,14,2,2
396448,1996-08-18,900.0,200.0,30.0,,14,2,2
396449,1996-08-18,1000.0,200.0,30.5,,14,2,2
396450,1996-08-18,0.0,100.0,29.0,,14,2,2
396451,1996-08-18,100.0,100.0,33.5,,14,2,2
396452,1996-08-18,200.0,100.0,45.5,,14,2,2
396453,1996-08-18,300.0,100.0,31.0,,14,2,2
396454,1996-08-18,400.0,100.0,35.5,,14,2,2
396455,1996-08-18,500.0,100.0,34.0,,14,2,2
396456,1996-08-18,600.0,100.0,40.5,,14,2,2
396457,1996-08-18,700.0,100.0,29.5,,14,2,2
396458,1996-08-18,800.0,100.0,40.0,,14,2,2
396459,1996-08-18,900.0,100.0,30.0,,14,2,2
399876,1996-08-18,1000.0,100.0,,no data entry - no measurement because of water,14,2,2
396460,1996-08-18,0.0,0.0,32.5,,14,2,2
396461,1996-08-18,100.0,0.0,37.5,,14,2,2
396462,1996-08-18,200.0,0.0,47.0,,14,2,2
396463,1996-08-18,300.0,0.0,30.5,,14,2,2
396464,1996-08-18,400.0,0.0,34.0,,14,2,2
396465,1996-08-18,500.0,0.0,36.5,,14,2,2
396466,1996-08-18,600.0,0.0,29.0,,14,2,2
396467,1996-08-18,700.0,0.0,35.5,,14,2,2
396468,1996-08-18,800.0,0.0,34.0,,14,2,2
396469,1996-08-18,900.0,0.0,32.0,,14,2,2
399877,1996-08-18,1000.0,0.0,,no data entry - no measurement because of water,14,2,2
